<?xml version="1.0" encoding="UTF-8"?>
<description xmlns="http://openoffice.org/extensions/description/2006" xmlns:d="http://openoffice.org/extensions/description/2006"  xmlns:xlink="http://www.w3.org/1999/xlink">
    <!-- http://wiki.services.openoffice.org/wiki/Extension_Dictionaries -->
    <!--<registration>
        <simple-license accept-by="admin" suppress-on-update="false" >
            <license-text xlink:href="dictionaries/README_fr.txt" lang="fr" />
        </simple-license>
    </registration>-->
    <version value="5.1" />
    <identifier value="French.linguistic.resources.from.Dicollecte.by.OlivierR" />
    <display-name>
        <name lang="fr">Dictionnaires français.</name>
    </display-name>
    <platform value="all" />
    <dependencies>
        <OpenOffice.org-minimal-version value="3.2" d:name="OpenOffice.org 3.2" />
    </dependencies>
    <icon>
        <default xlink:href="french_flag.png" />
    </icon>
    <publisher>
        <name xlink:href="http://www.dicollecte.org/" lang="fr">Dicollecte</name>
    </publisher>
    <!--<update-information>
        <src xlink:href="http://www.dicollecte.org/grammalecte/oxt/dictionaries.update.xml" />
    </update-information>-->
</description>
