<?xml version="1.0" encoding="UTF-8"?>
<description xmlns="http://openoffice.org/extensions/description/2006" xmlns:d="http://openoffice.org/extensions/description/2006"  xmlns:xlink="http://www.w3.org/1999/xlink">

    <identifier value="org.openoffice.ru.yo.dictionaries" />

    <version value="0.1" />

    <dependencies>
        <OpenOffice.org-minimal-version value="3.0" d:name="Russian Dictionaries for OpenOffice.org 3.0"/>
    </dependencies>

    <registration>
    </registration>

    <display-name>
      <name lang="ru">Словари для русского языка (ё)</name>
      <name lang="en">Russian Dictionaries (ё)</name>
    </display-name>

</description>
