<?xml version="1.0" encoding="UTF-8"?>
<description xmlns="http://openoffice.org/extensions/description/2006" xmlns:d="http://openoffice.org/extensions/description/2006"  xmlns:xlink="http://www.w3.org/1999/xlink">
    <version value="1.0.0" />
    <identifier value="org.openoffice.tj.hunspell.dictionaries" />
    <display-name>
        <name lang="en">Tajik spelling dictionary</name>
        <name lang="ru">Орфографический словарь для таджикского языка</name>
        <name lang="tg">Лугати имло барои забони точики</name>
    </display-name>
    <platform value="all" />
    <dependencies>
        <OpenOffice.org-minimal-version value="3.0" d:name="OpenOffice.org 3.0" />
    </dependencies>
	<extension-description>
	<src xlink:href="copyright.txt" lang="en" />
	<src xlink:href="copyright.txt" lang="ru" />
	<src xlink:href="copyright.txt" lang="tg" />
	</extension-description>
	<icon>
		<default xlink:href="DicTJ.png" />
	</icon>	
</description>

