<?xml version="1.0" encoding="UTF-8"?>
<description xmlns="http://openoffice.org/extensions/description/2006" xmlns:d="http://openoffice.org/extensions/description/2006"  xmlns:xlink="http://www.w3.org/1999/xlink">
    <identifier value="Greek_Caps_English_US" />
    <version value="1.0.0" />
    <dependencies>
        <OpenOffice.org-minimal-version value="3.0" d:name="OpenOffice.org 3.0."/>
    </dependencies>
	<display-name>
		<name lang="gr">Ελληνικός Θησαυρός, Λεξικό και Συλλαβισμός</name>
	</display-name>
	<icon>
		<default xlink:href="gr.png" />
		<high-contrast xlink:href="gr.png" />
	</icon>
	<extension-description>
		<src xlink:href="readme.gr" lang="gr" />
	</extension-description>
</description>
