<?xml version="1.0" encoding="UTF-8"?>
<description xmlns="http://openoffice.org/extensions/description/2006" xmlns:d="http://openoffice.org/extensions/description/2006"  xmlns:xlink="http://www.w3.org/1999/xlink">

    <version value="13.10" />
    <identifier value="galician.gl.dicts.from.Proxecto Trasno" />

    <display-name>
        <name lang="gl">Corrector ortográfico de galego</name>
    </display-name>

    <platform value="all" />

    <dependencies>
        <OpenOffice.org-minimal-version value="3.0" d:name="OpenOffice.org 3.0" />
    </dependencies>

    <icon>
        <default xlink:href="ProxectoTrasno.png" />
    </icon>

    <publisher>
        <name xlink:href="http://www.trasno.net/corrector-de-galego-hunspell/" lang="gl">Corrector hunspell para o galego</name>
    </publisher>

</description>
