<?xml version="1.0" encoding="UTF-8"?>
<description xmlns="http://openoffice.org/extensions/description/2006" xmlns:d="http://openoffice.org/extensions/description/2006"  xmlns:xlink="http://www.w3.org/1999/xlink">
    <version value="2010.12.30" />
    <identifier value="org.openoffice.ar.hunspell.dictionaries" />
    <display-name>
        <name lang="en">Arabic Spelling and Thesaurus (Ayaspell)</name>
        <name lang="ar">قاموس التدقيق اﻹملائي والمترادفات (آيةسبل)</name>

    </display-name>
    <platform value="all" />
    <dependencies>
        <OpenOffice.org-minimal-version value="3.0" d:name="OpenOffice.org 3.0" />
    </dependencies>
</description>

