<?xml version="1.0" encoding="UTF-8"?>
<description xmlns="http://openoffice.org/extensions/description/2006" xmlns:d="http://openoffice.org/extensions/description/2006" xmlns:xlink="http://www.w3.org/1999/xlink">

    <version value="2014.01.17" />
    
    <identifier value="libreoffice.sl.hunspell.dictionaries" />

    <display-name>
        <name lang="en-US">Slovenian spelling dictionary, hyphenation rules, and thesaurus</name>
        <name lang="af">Slovenian spelling dictionary, hyphenation rules, and thesaurus</name>
        <name lang="ar">Slovenian spelling dictionary, hyphenation rules, and thesaurus</name>
        <name lang="as">Slovenian spelling dictionary, hyphenation rules, and thesaurus</name>
        <name lang="ast">Diccionariu ortográficu, regles de separtación silábica y sinónimos pal eslovenu</name>
        <name lang="be">Славенскі правапісны слоўнік, правілы пераносаў і тэзаўрус</name>
        <name lang="bg">Словенски речници за правопис, сричкопренасяне и синоними</name>
        <name lang="bn">Slovenian spelling dictionary, hyphenation rules, and thesaurus</name>
        <name lang="bo">Slovenian spelling dictionary, hyphenation rules, and thesaurus</name>
        <name lang="br">Geriadur ar reizhskrivañ, reolennoù an troc'hañ-gerioù ha geriadur an heñvelsterioù evit ar sloveneg</name>
        <name lang="brx">Slovenian spelling dictionary, hyphenation rules, and thesaurus</name>
        <name lang="bs">Slovenian spelling dictionary, hyphenation rules, and thesaurus</name>
        <name lang="ca">Diccionari ortogràfic, regles de separació sil·làbica i sinònims per a l'eslovè</name>
        <name lang="ca-XV">Slovenian spelling dictionary, hyphenation rules, and thesaurus</name>
        <name lang="cs">Slovinský slovník pro kontrolu pravopisu, dělení slov a slovník synonym</name>
        <name lang="cy">Slofeneg - geiriadur sillafu a rheolau cyplysnodi a thesawrws</name>
        <name lang="da">Slovensk stavekontrol, orddelingsregler og synonymordbog</name>
        <name lang="de">Slowenisches Wörterbuch für Rechtschreibprüfung, Silbentrennung und Thesaurus</name>
        <name lang="dgo">Slovenian spelling dictionary, hyphenation rules, and thesaurus</name>
        <name lang="dz">Slovenian spelling dictionary, hyphenation rules, and thesaurus</name>
        <name lang="el">Slovenian spelling dictionary, hyphenation rules, and thesaurus</name>
        <name lang="en-GB">Slovenian spelling dictionary, hyphenation rules, and thesaurus</name>
        <name lang="en-ZA">Slovenian spelling dictionary, hyphenation rules, and thesaurus</name>
        <name lang="eo">Slovena ortografia vortaro, vortdividaj reguloj, kaj tezaŭro</name>
        <name lang="es">Slovenian spelling dictionary, hyphenation rules, and thesaurus</name>
        <name lang="et">Sloveeni keele õigekirjakontrolli sõnastik, poolitusreeglid ja tesaurus</name>
        <name lang="eu">Slovenian spelling dictionary, hyphenation rules, and thesaurus</name>
        <name lang="fa">Slovenian spelling dictionary, hyphenation rules, and thesaurus</name>
        <name lang="fi">Slovenian oikolukusanasto, tavutussäännöt ja synonyymisanasto</name>
        <name lang="fr">Dictionnaires orthographique, des synonymes et règles de coupure des mots slovènes</name>
        <name lang="ga">Slovenian spelling dictionary, hyphenation rules, and thesaurus</name>
        <name lang="gd">Faclair litreachaidh, riaghailtean tàthanachaidh is co-fhaclair airson na Slòbhainise</name>
        <name lang="gl">Dicionario ortográfico, de sinónimos e regras de guionización para esloveno</name>
        <name lang="gu">Slovenian spelling dictionary, hyphenation rules, and thesaurus</name>
        <name lang="he">רשימת מילים לבודק איות, כללי מיקוף ותזאורוס בסלובנית</name>
        <name lang="hi">Slovenian spelling dictionary, hyphenation rules, and thesaurus</name>
        <name lang="hr">Slovenian spelling dictionary, hyphenation rules, and thesaurus</name>
        <name lang="hu">Szlovén helyesírási szótár, elválasztási szabályok és szinonimaszótár</name>
        <name lang="id">Slovenian spelling dictionary, hyphenation rules, and thesaurus</name>
        <name lang="is">Slovenian spelling dictionary, hyphenation rules, and thesaurus</name>
        <name lang="it">Slovenian spelling dictionary, hyphenation rules, and thesaurus</name>
        <name lang="ja">スロベニア語スペル辞書、ハイフネーション規則と類義語辞典</name>
        <name lang="ka">Slovenian spelling dictionary, hyphenation rules, and thesaurus</name>
        <name lang="kk">Slovenian spelling dictionary, hyphenation rules, and thesaurus</name>
        <name lang="km">វចនានុក្រម​អក្ខរាវិរុទ្ធ​ភាសា​ស្លូវ៉ានី គោលការណ៍​ដាក់​សហសញ្ញា និង​កម្រង​វេវចនសព្ទ</name>
        <name lang="kn">Slovenian spelling dictionary, hyphenation rules, and thesaurus</name>
        <name lang="ko">Slovenian spelling dictionary, hyphenation rules, and thesaurus</name>
        <name lang="kok">Slovenian spelling dictionary, hyphenation rules, and thesaurus</name>
        <name lang="ks">Slovenian spelling dictionary, hyphenation rules, and thesaurus</name>
        <name lang="ku">Slovenian spelling dictionary, hyphenation rules, and thesaurus</name>
        <name lang="lb">Slovenian spelling dictionary, hyphenation rules, and thesaurus</name>
        <name lang="lo">Slovenian spelling dictionary, hyphenation rules, and thesaurus</name>
        <name lang="lt">Slovėnų kalbos rašybos tikrinimo, skiemenavimo ir tezauro žodynai</name>
        <name lang="lv">Slovēņu pareizrakstības vārdnīca, zilbjdales kārtulas un tēzaurs</name>
        <name lang="mai">Slovenian spelling dictionary, hyphenation rules, and thesaurus</name>
        <name lang="mk">Slovenian spelling dictionary, hyphenation rules, and thesaurus</name>
        <name lang="ml">Slovenian spelling dictionary, hyphenation rules, and thesaurus</name>
        <name lang="mn">Slovenian spelling dictionary, hyphenation rules, and thesaurus</name>
        <name lang="mni">Slovenian spelling dictionary, hyphenation rules, and thesaurus</name>
        <name lang="mr">Slovenian spelling dictionary, hyphenation rules, and thesaurus</name>
        <name lang="my">Slovenian spelling dictionary, hyphenation rules, and thesaurus</name>
        <name lang="nb">Slovensk stavekontroll, orddeling og synonymordbok</name>
        <name lang="ne">स्लोवेनियाई हिज्जे शब्दकोश, योजकचिन्ह राख्ने कार्य नियमहरू, र पर्यायकोश</name>
        <name lang="nl">Sloveens spelling woordenboek, woordafbrekingsregels en thesaurus</name>
        <name lang="nn">Slovenian spelling dictionary, hyphenation rules, and thesaurus</name>
        <name lang="nr">Slovenian spelling dictionary, hyphenation rules, and thesaurus</name>
        <name lang="nso">Slovenian spelling dictionary, hyphenation rules, and thesaurus</name>
        <name lang="oc">Slovenian spelling dictionary, hyphenation rules, and thesaurus</name>
        <name lang="om">Slovenian spelling dictionary, hyphenation rules, and thesaurus</name>
        <name lang="or">Slovenian spelling dictionary, hyphenation rules, and thesaurus</name>
        <name lang="pa-IN">Slovenian spelling dictionary, hyphenation rules, and thesaurus</name>
        <name lang="pl">Słoweński słownik ortograficzny, reguły dzielenia wyrazów i słownik wyrazów bliskoznacznych</name>
        <name lang="pt">Dicionário ortográfico, sinónimos e regras de hifenização em esloveno</name>
        <name lang="pt-BR">Dicionário ortográfico, sinônimos e regras de hifenização em esloveno</name>
        <name lang="qtz">0vuZ‖Slovenian spelling dictionary, hyphenation rules, and thesaurus</name>
        <name lang="ro">Slovenian spelling dictionary, hyphenation rules, and thesaurus</name>
        <name lang="ru">Словенский орфографический словарь, правила переноса и тезаурус</name>
        <name lang="rw">Slovenian spelling dictionary, hyphenation rules, and thesaurus</name>
        <name lang="sa-IN">Slovenian spelling dictionary, hyphenation rules, and thesaurus</name>
        <name lang="sat">Slovenian spelling dictionary, hyphenation rules, and thesaurus</name>
        <name lang="sd">Slovenian spelling dictionary, hyphenation rules, and thesaurus</name>
        <name lang="sh">Slovenian spelling dictionary, hyphenation rules, and thesaurus</name>
        <name lang="si">Slovenian spelling dictionary, hyphenation rules, and thesaurus</name>
        <name lang="sk">Slovinský slovník na kontrolu pravopisu, pravidlá na delenie slov a tezaurus</name>
        <name lang="sl">Slovenski jezik - slovar za preverjanje črkovanja, vzorci za deljenje besed in slovar sopomenk</name>
        <name lang="sq">Slovenian spelling dictionary, hyphenation rules, and thesaurus</name>
        <name lang="sr">Slovenian spelling dictionary, hyphenation rules, and thesaurus</name>
        <name lang="ss">Slovenian spelling dictionary, hyphenation rules, and thesaurus</name>
        <name lang="st">Slovenian spelling dictionary, hyphenation rules, and thesaurus</name>
        <name lang="sv">Slovenian spelling dictionary, hyphenation rules, and thesaurus</name>
        <name lang="sw-TZ">Slovenian spelling dictionary, hyphenation rules, and thesaurus</name>
        <name lang="ta">Slovenian spelling dictionary, hyphenation rules, and thesaurus</name>
        <name lang="te">Slovenian spelling dictionary, hyphenation rules, and thesaurus</name>
        <name lang="tg">Slovenian spelling dictionary, hyphenation rules, and thesaurus</name>
        <name lang="th">Slovenian spelling dictionary, hyphenation rules, and thesaurus</name>
        <name lang="tn">Slovenian spelling dictionary, hyphenation rules, and thesaurus</name>
        <name lang="tr">Slovenyaca yazım sözlüğü, heceleme kuralları ve eş anlamlılar</name>
        <name lang="ts">Slovenian spelling dictionary, hyphenation rules, and thesaurus</name>
        <name lang="tt">Slovenian spelling dictionary, hyphenation rules, and thesaurus</name>
        <name lang="ug">سىلوۋېنىيەچە ئىملا لۇغىتى، ھەرپ ئۇلاش قائىدىسى ۋە مەنىداش سۆزلەر لۇغىتى</name>
        <name lang="uk">Slovenian spelling dictionary, hyphenation rules, and thesaurus</name>
        <name lang="uz">Slovenian spelling dictionary, hyphenation rules, and thesaurus</name>
        <name lang="ve">Slovenian spelling dictionary, hyphenation rules, and thesaurus</name>
        <name lang="vi">Slovenian spelling dictionary, hyphenation rules, and thesaurus</name>
        <name lang="xh">Slovenian spelling dictionary, hyphenation rules, and thesaurus</name>
        <name lang="zh-CN">斯洛文尼亚语拼写词典、连字符规则及同义词库</name>
        <name lang="zh-TW">Slovenian spelling dictionary, hyphenation rules, and thesaurus</name>
        <name lang="zu">Slovenian spelling dictionary, hyphenation rules, and thesaurus</name>
    </display-name>
 
    <platform value="all" />

    <dependencies>
        <OpenOffice.org-minimal-version value="3.0" d:name="OpenOffice.org 3.0" />
    </dependencies>

    <publisher>
        <name xlink:href="http://sl.libreoffice.org/slovenjenje-2/jezikovne-razsiritve/" lang="sl-SI">sl.libreoffice.org</name>
    </publisher>

</description>