<?xml version="1.0" encoding="UTF-8"?>
<description xmlns="http://openoffice.org/extensions/description/2006" xmlns:d="http://openoffice.org/extensions/description/2006"  xmlns:xlink="http://www.w3.org/1999/xlink">
    <version value="20081129 (YYYYMMDD)" />
    <identifier value="it.linguistico.oxt.Dizionari.IT" />
    <display-name>
        <name lang="en">Spelling, thesaurus and hyphenation dictionaries for Italian (IT)</name>
        <name lang="it">Dizionario ortografico, thesaurus e sillabatore italiani (IT)</name>
    </display-name>
    <platform value="all" />
    <dependencies>
        <OpenOffice.org-minimal-version value="3.0" d:name="OpenOffice.org 3.0" />
    </dependencies>
    <registration>
        <simple-license  accept-by="admin" default-license-id="en" suppress-on-update="true" >
            <license-text xlink:href="registration/agpl3-en.txt" lang="en" license-id="en" />
            <license-text xlink:href="registration/gpl3-en.txt" lang="en" license-id="en" />
            <license-text xlink:href="registration/lgpl3-en.txt" lang="en" license-id="en" />
	</simple-license>
    </registration>
    <update-information>
        <src xlink:href="http://linguistico.sf.net/package.update/Dizionari.IT.update.xml" />
    </update-information>
</description>
