<?xml version="1.0" encoding="UTF-8"?>
<description xmlns="http://openoffice.org/extensions/description/2006" xmlns:d="http://openoffice.org/extensions/description/2006"  xmlns:xlink="http://www.w3.org/1999/xlink">
	<registration>
		<simple-license accept-by="admin" suppress-on-update="true" >
			<license-text xlink:href="Licence.txt" lang="en-EN" />
		</simple-license>
	</registration>
	<version value="2011.01.06" />
	<identifier value="tz.or.dcmc.dictionaries.sw-TZ-KE" />
	<display-name>
		<name lang="en">Swahili (Tanzania and Kenya) spell check dictionary</name>
		<name lang="sw">Kasumi ya Kiswahili (Tanzania na Kenya)</name>
	</display-name>
	<platform value="all" />
	<dependencies>
		<OpenOffice.org-minimal-version value="3.0" d:name="OpenOffice.org 3.0" />
	</dependencies>
	<publisher>
                <name>Packaged by the Peter Roots (http://www.roots-online.org.uk/)</name>
	      </publisher>
</description>
