﻿<?xml version="1.0" encoding="UTF-8"?>

<description xmlns="http://openoffice.org/extensions/description/2006" xmlns:d="http://openoffice.org/extensions/description/2006"  xmlns:xlink="http://www.w3.org/1999/xlink">

    <registration>
        <simple-license accept-by="admin" suppress-on-update="true">
            <license-text xlink:href="license.txt" lang="en" />
        </simple-license>
    </registration>

    <version value="2013.05.11" />

    <identifier value="org.openoffice.is-IS.hunspell.dictionaries" />

    <display-name>
        <name lang="en">Icelandic spelling dictionary and thesaurus</name>
        <name lang="is">Íslensk stafsetningar- og samheitaorðabók</name>
    </display-name>

    <platform value="all" />

    <dependencies>
        <OpenOffice.org-minimal-version value="3.0" d:name="OpenOffice.org 3.0" />
    </dependencies>

    <publisher>
	    <name xlink:href="http://github.com/nifgraup/hunspell-is#readme" lang="is">The hunspell-is project</name>
    </publisher>

</description>
